{
  "project_info": {
    "project_number": "655679358491",
    "firebase_url": "https://raspi-firebase-5cf35-default-rtdb.firebaseio.com",
    "project_id": "raspi-firebase-5cf35",
    "storage_bucket": "raspi-firebase-5cf35.appspot.com"
  },
  "client": [
    {
      "client_info": {
        "mobilesdk_app_id": "1:655679358491:android:2c7689ca21782998469abe",
        "android_client_info": {
          "package_name": "com.example.servo"
        }
      },
      "oauth_client": [
        {
          "client_id": "655679358491-1h3o4i624l2dt5hfsebg3mcfcq5crfqk.apps.googleusercontent.com",
          "client_type": 1,
          "android_info": {
            "package_name": "com.servo.example",
            "certificate_hash": "fceace22e80548f291306ab9539a24cdae708039"
          }
        },
        {
          "client_id": "655679358491-vmien1fp49b7ns8b0qt82qskgh8l04em.apps.googleusercontent.com",
          "client_type": 3
        }
      ],
      "api_key": [
        {
          "current_key": "AIzaSyAaYkGeSAxUpFUlCgzIQs3SS3bcmowFqyY"
        }
      ],
      "services": {
        "appinvite_service": {
          "other_platform_oauth_client": [
            {
              "client_id": "655679358491-vmien1fp49b7ns8b0qt82qskgh8l04em.apps.googleusercontent.com",
              "client_type": 3
            }
          ]
        }
      }
    }
  ],
  "configuration_version": "1"
}